{"y_loss": {"train": [0.09089221505348881, 0.03401619278602302, 0.02544721559099853, 0.02129279506293436], "val": [0.04204282537102699, 0.032794494181871414, 0.01938874088227749, 0.016230175271630287]}, "y_err": {"train": [], "val": []}, "x_epoch": [1, 2, 3, 4], "learning_rate": [0.0001, 0.0001, 0.0001, 0.0001]}