{
  "y_loss": {
    "train": [
      -23.153012623813897, -28.188317866325377, -29.133841671943664,
      -51.61995635906855, -68.41691844463348, -70.87343365510304,
      -70.87343357721964, -70.87343377908071, -70.87343360900879,
      -70.87343389829
    ],
    "val": []
  },
  "y_err": { "train": [], "val": [] },
  "x_epoch": [1, 2, 3, 4, 5, 6, 7, 8, 9, 10]
}
